start_time,end_time,script
0.0,27.5,나 이번 시간에는 여러분하고 입문 강의 여섯 번째 시간인데요 근대사회 그래서 근대사회는 개화기를 말하는 거야 그래서 개화기 계량기이 시기를 중심으로 한번 살펴보도록 하겠습니다
27.5,53.5,자 일단이 시기부터 우리는 근현대사로 들어가게 되는데요 자 여기 보시면 근현대사 자 우리가 한국사 오티에서 여러분하고 얘기했었는데 근현대사 우리 전체 역사를 전 근대사와 근현대 4로 나눌 수가 있잖아요 그래서이 근현대사 같은 경우는 1863년부터 1863년 잃어버렸다
53.5,80.0,얘기할 수 있는게 고종이 왕으로 즐기 하면서 그때 고종이 또 12살이 어린아이 없기 때문에 원래는 왜 우리 어린 왕이 왕이 되면 어떻게 하나요 보통 왕실의 어른 할머니가 발을 쳐 놓고 정치에 좀 참여 하잖아요 수렴청정이라고 하는데 이때는 수렴청정을 해야 되는 줘 대비가 있었어요 그런데 2조 대비가 권력을 흥선군
80.0,136.0,왕의 아버지는 흥선대원군에게 넘겨주면서 흥선대원군이 약 10년 정도에 개혁정치를 정치를 이끌어 나가게 되는 그런시대가 바로 시대의 근현대사 이제 그래서 고종의 왕이 된시기 부터가 근현대사 시작이라고 볼 수 있고요 그렇기 때문에 1863년부터를 우리가 그냥 제사라고 하고 해서 그냥 대사 같은 경우는 쭉 여기 지금 여러분 근데 개관이 나와 있지만 1863년에서부터 대원군 집권시기요 시기부터 해방 그리고 지금까지 여기 지금 뭐 표시는 안 돼 있지만 현재 지금까지의 시기를 우리가 근현대사라고 하고요 자요 근현대사의 시기를 다시 세 군데로 나눌 수가 있거든요 자 그래서 어떻게 나눌 수 있냐면요 시기부터 일제시대까지 일제
136.0,163.5,까지를 우리가 이제 근데 지금 우리가 배우게 돼 근데 사회라고 그래요 근데 사회 같은 경우는 1863년부터 1910년 까지니까 시기로 하면 그렇게 계시진 않죠 거의 뭐 한 50년 돼요요 정도 밖에 안 되는 시기지만 그 안에 문어를 개방하고 여러 가지 뭐 조약을 체결하고 하는 굉장히 여러가지 사건이 굉장히 많이 일어나기 때문에 사건이 촘촘하게 배치 가세요
163.5,192.0,그래서 굉장히 많은 사건들이 등장하다 보니까 이제 여러분이 어렵다라고 느끼시는 거예요 여러분이 전근대사 보다 근현대사를 사진 어려워해요 왜 우리가 오히려 구석기 신석기 것 좀 더 익숙하지 않아요 그리고 조선시대 가사 중에 가장 익숙하죠 그런 것처럼 이런 근현대사는 뭐가 많아 뭐 그냥 사건 많은게 아니에요 단체도 왜 이렇게 많아 인물은 또 왜 이렇게 많아
192.0,218.0,그래서 또 줘 야 근데 왜 이렇게 많아 그래서 여러분이 잘 어려워 하는 그런 하트가 바로 근현대사라고 하는 거고 그다음에 일제 강점기가 요식이 정도 되자 35년 그리고 나서 이제 해방이후 그래서요 시대 일제 강점기 여기 나와 있지만 일제 강점기 그리고 해방 이후는 현대 토론식으로 3개의 파트로 9분
218.0,246.0,공부를 하시면 되겠고 이번 시간에는 여러분하고 볼 파트는 바로 근데 사회라고 하는 파트인데 제가 아마 여러분 OT 때도 말씀을 드렸을 거예요 예 근현대사라고 하는 파트를 학생들이 좀 어려워 하다 보니까 그렇다고 시원한 나오는 건 아니죠 우리가 비율 한번 살펴 봤었죠 여러분 그냥 돼서 문제가 한 얼마 정도 출제가 된다고 했었어요 거의 한 7 문제 정도 요즘은 술 제가 많이 되고 1 9 8
246.0,272.5,"둘째가 돼요 그러면 사실은 1868년부터니까 실제로 실제로 따지면 한 150 정도 하고 정도 뇌구조 정도 되는시기 밖에 안 돼요시기 시간으로 따지면 그래서 우리나라 5,000년 역사 중에 한 150년 조금 넘는 고식이 그 시기에 굉장히 많은 부분에 문제가 출장을 되는 거죠 40% 35%에서"
272.5,300.5,40% 정도 출제가 되기 때문에 사실 뭐 시간대비 그러니까 이제 그 간격 대비로 본다면 굉장히 효율이 높은 그런 시기가 바로 근현대사의 그렇기 때문에 여러분이 일단 기억해야 되는 건 근현대사를 소홀히 하게 되면 고득점을 못 한다라는 거 한번 기억해 주셔야 돼요 왜 우리가 전에 문화사 소리 하면 안 된다라고 얘기했고뿐만 아니라 근현대사를 그냥 뭐 하나 잘 모르겠어 너무
300.5,326.0,이렇게 하고 넘어 가잖아요 그러면 그 35점 4시면 어떻게 할 거예요 그렇기 때문에 근현대사는 여러분이 반드시 공부를 해야 되는 파트 기도하고 당연히 그런 파티 기도하고 또 이런게 있어 우리가 한번 발상을 전환 해 보면 남들이 어려워 하는 파티 해요 그러면 여기를 내가 꽉 잡을 수 만 있다면 꽉 내가 공부를 열심히 해서
326.0,353.5,단원의 문제 어떤 문제가 나오든지 내가 정말 너 자신 있어 요렇게만 한다면 오히려 남들 보다 훨씬 고득점 올리는데 유리 하지 않겠어요 그래서 이거를 그냥 단순히 어 너무 어려워 왜 이렇게 너무 많고 할게 너무 많아 나하고 생각을 할 건지 그리고 공부를 소리 할 건지 아니면요 파트는 내 전략이야 내가 점수를 높일 수 있는 중요한 파티야
353.5,382.5,라고 생각을 하시고 여러분이 남들보다 조금 더 해서 여기에 나오는 문제는 내가 남들 어려워 하는 문제도 다 맞추겠다라고 마음을 먹을 건지는 여러분이 선택을 해야 되겠죠 한번 생각을 해 보실 필요가 있어요 그래서 그냥 남들처럼 어려워 어려워 어려워 이렇게 하지 마시고 내가 어려우니까 내가 내가 해 본다 소개해본다라는 생각으로 여러분이 근현대사는 정말 소리 하지 마시고 열심히 공부를 하셨으면 좋겠어요
382.5,408.5,여러분의 고득점에 도움이 될 수 있는 그런 부분이에요 자 그리고 근현대사 같은 경우는 여기 지금 연도가 써 있는게 아마 여러분 보이실 거예요 우리가 앞에서는 우리가 전근대사 공부할 때는 몇 세기 그쵸 4세기의 6세기 뭐 10색 21세기 이런 식으로 색이라서 있었어요 조선전기 15세기부터 19세기까지 이런 식으로 100년 단위로 우리가 좀 크게 크게 살펴보았다면 이근영 대사관
408.5,437.0,시간이 굉장히 한정 저기잖아 효자 있잖아요 그렇기 때문에 여러분 이렇게 1년 단위로 사건이 바로바로 일어나요 그래서 중요하죠 그렇기 때문에 여러분이 욕은 현대사회에서는 뭘 좀 잘 기억을 하는게 좋다 연도 가는게 좋다 그래서 여러분 연도를 좀 파악을 하시면서 공부하는게 좋아요 그래서 제가 그냥 학생들한테는 대놓고 언더웨어 야 된다 그냥 대사는 연결이 왜 와야 된다라고 얘기를 해요
437.0,467.5,자 그리고 이렇게 연도를 지금 우리가 배울 파트는 지금 근대사회 잖아요 연도로 그러면 내가 다 외우는게 너무 힘들다 그러면 우선 여러분이 공부하시면서는 10년 단위로 좀 쪼개서 공부를 하시면 훨씬 더 여러분이 좀 받아들이고 쉽겠죠 그래서 조금 있다가 점심 년단위로 나눠서 여러분 하고 한번 살펴보도록 할 거고요 자 이제 전반적으로 근대사회 이후에 근현대사 저 근현대사의 어떤 일들이 일어났는지 한번 살펴보도록 할게요
467.5,494.5,나와 있네요 잘 볼까요 자 흥선 대원군 집권시기 고요 약 10년 정도 이제 10년이 죠죠 10년 정도 흥선대원군이 개혁정치를 하게 되죠 그러면서 안동김씨 세력을 몰아내면서 왕권을 안정시키기고 재정을 확충하는 그런 정책을 실시했고 대외적으로는 통상수교거부정책이라고 해서 외국에서 통상을 요구해 썼거든요 우리나라의 무역을 하자 문어를 개방을 해라 이런 걸 요구를
494.5,525.0,그럼 어떻게 좀 차단 차단 했던 그런 일들이 있었고 그 과정에서 프랑스가 쳐들어 온 적도 있었고요 미국이 쳐들어 온 적도 있었고 그래서 그때 병인양요 신미양요 이런 일들이 막 일어나기도 했던 시기가 바로이 흥선 대원군 집권시기 고요 약 10년 간의 생선 대원군의 전권 10권 일 끝나고 고종이 자 이제 내가 어른도 됐고 결혼 했어요 심지어는 그래서 내가 정치를 취하겠다 내가
525.0,552.5,직접 하겠다 하게 돼서 그렇지 인정을 선언하게 되고요 자 그러면 고종의 친정이라고 얘기했지만 실제로는 고정 혼자만 정치란게 아니에요 누구랑 같이 해요 우리가 또 고종 하면은 또 따라오는 인물이 누구예요 바로 명성황후 민디 그래서 여기서는 이제 씻으려고 함께 플러스 민씨 세력과 함께 정치를 하게되죠 그래서 요구조건과
552.5,578.0,같이 성실하게 되는데 이때는 통상수교거부정책 있었잖아요 이때는 문호개방 합시다 나는 의견도 좀 등장을 하고 하면서 결국에는 부국강병 나라가 좀 튼튼하려면 무료로 개발 해야 되는구나 그래서 문호개방을 주장하는 세력도 등장하게 갚아도 등장을 하게 되고 자 그 과정에서 일본이 또 우리나라 관심을 두게 되고 그래서
578.0,606.0,강화도조약 일하는 건 해결하죠 자 일본이 운요호 사건이라고 해서 영종도 일대를 완전히 노략질하는 그런 사건이 좀 벌어지게 되는데 그때 우리나라 이제 군함을 끌고 와서 우리나라를 위업을 한 뒤에 우리가 먼저 발표하기를 기다렸다가 이제 그런 일들을 벌이게 된 거거든요 그래서 이런 거를 포함외교라고 그래요 저 끌고 가서 막 윽박질러서 강요를 해서 못 오게
606.0,631.5,얻어내는 걸 포함외교라고 하고 사실 이게 이제 일본이 우리한테 써먹은 건데 일본이 미국한테 당했던 거를 우리한테 그대로 또 써먹은 거거든요 그래서 이런 무력으로 계양을 하게 되는데 그게 바로 강화도 조약의 그래서 여러분 아마 들어보셨죠 강화도조약이라고 해서 우리가 문호를 개방한 하지 마 우리 강화도조약 하면 딱 떠오르는게 보여 불평등조약
631.5,660.0,이 불평등조약을 나타내는 여러가지 조상들이 강화도 조약의 들어있었고 사실 우리는 그때 국제법 이런 거 있잖아요 국제적인 어떤지 있어라 되니까 이런 거에 대해서 전혀 전혀 문제가 있기 때문에 그냥 갔다 내서 야 쌓이네 글자인 했죠 나중에 알고 보니까 거기에 엄청난 것들이 들어 있었던 거예요 그래서 결국에는 일본의 강의에서 조약을 체결한게 되는게 바로 강화도조약 이구나
660.0,693.5,알 수가 있구요 자 그리고 대한제국으로 넘어가는데 사시네요 사이에도 엄청나게 많은 사건들이 있죠 그래서 이때 임오군란 이라든가 갑신정변이 라든가 군인들이 또 하급 본인들이 그동안 너무나 좀 차별대우를 받았던 이런 하둡 본인들이 반란 일으키게 되어서 강화도 조약을 체결한 하고 신식으로 이제 전국 대학을 신식으로 여러가지 개혁을 추진하기 되는데 개화정책을 추진하게 되는데 그 과정에서 10분 내로 만들겠어요 별기군이라는 신식군대를 만들고
693.5,721.0,이 사람들은 대우를 잘해주지만 원래 있었던 군대는 숙소로 시키면서 월급도 제대로 지급을 안 했고 결국에는 이런 것들이 이제 빌미가 돼서 이제 원인이 돼서 임오군란이라는 사건이 일어나게 되고요 임오군란 일어났어 조금 있다 다시 볼 거예요 제가 그리고 갑신정변이라고 해서 급진 개화파 말하자면 급진적 개혁을 하고 싶은 좀 젊은 청년들을 중심으로 해서 정변 정변은
721.0,747.0,불법 자 방법으로 정권을 탈취해 요런 뜻이니까 구테타 같은 걸 말하는 거야 그래서 본인들이 고유 관료들을 제거하고 정권을 사지 했었는데 요게 또 딱 3일 만에 끝나버렸다 하는 거 아니에요 그래서 요거는 삼일천하라고 그래요 어제는 갑신정변 이런 사건이 있었고 자 그리고 청나라에 우리가 간섭을 받게 되고 성이 좀 내정간섭을 하게 되고 왜냐면 임오군란 갑신정변
747.0,779.0,청나라 군대를 불러서 지난번 했거든요 그랬더니 또 청이랑 청이 또 너무 심하게 내정간섭 하니까 우리가 더 러시아랑 접촉을 했더니 영국이 또 거문도 사건이라고 해서 우리나라 섬을 거문도라는 점을 불법 점령한 사건이 벌어지고 막 이런 일들이 벌어지고 그래서 굉장히 뭐랄까 여러번 한국을 굉장히 우리나라 사람들이 막 성격 급하고 빨리빨리 막 이런 거 좋아하고 하잖아요 그래서 외국에서 볼 때는 다이나믹코리아 코리아라고 한다는 거예요
779.0,812.5,뭐가 많고 왜 우리 여러분 여러분은 모르겠습니다 저같은 경우는 뉴스가 굉장히 재미있는 나이가 됐어요 이제 저는 드라마나 뭐 이런 것도 물론 좋아하지만 즐겨 보이지만 뉴스를 볼 때 굉장히 재밌거든요 또 이제 나이를 먹으면서 아마 여러분은 별로 그렇겠지만 모르겠어요 근데 이제 좀 나이 먹으면서 사실 사람들이이 세상 돌아가는 거야 관심이 많아 지거든요 원래 그래요 나이 먹으면 근데 뉴스를 외국인들이 볼 때도 그렇게 본다는 거예요 너무 재밌다
812.5,843.5,다이나믹 해서 그래서 여러 가지 일들이 그런 많은 사건들이 다이나믹하게 일어나는 시기가요 식이에요 요식이 근대사회가 그런 일들이 굉장히 많이 일어나죠 자 그다음에 이제 또 동학농민운동이라는 사건이 일어나고 그리고 1차 갑오개혁 일어나고 그리고 나서 여러분 아마 들어보셨을거예요 의미사변이라고 해서 명성황후 시해 사건 일본 낭인들이
843.5,873.0,명성황후를 제거 주긴 그런 사건이 또 버러지 기도하죠 자 그리고 고종이 러시아공사관으로 한 1년 피싱과 있었잖아요 아관파천이라는 그럼 사건이 또 있었어 그래서 지금 제가 순서대로 이거 지금 다 쓰신 않겠지만 요런 사건들 이쪽 일어나요 뒤에 나와요 저쪽 사건이 일어나고 러시아공사관으로 피난 갔던 고종이 다시 황궁을 하게 돼요 그런데 황금을 할 때 그 전에는 왜 우리 흥선대원군이 경복궁 중
873.0,903.0,주도 하잖아요 그렇게 해서 새로 지은 경복궁에서 살다가 자 여기서 또 명성황후 사랑을 하게 되죠 그리고 일본 공사관 하고 좀 가깝고 하기 때문에 러시아공사관으로 갔던 고종은 다시 경복궁으로 돌아오지 않고 그 근처에 경운궁이라는 궁궐로 황궁을 하게 되어 여러분 경운궁 아마 버스 타고 다니시 면은 이제 서울 시내 좀 다니거나 할 때 아마 2역을 이그 궁궐을 아마 다 들어 봤어요
903.0,936.5,그런데 지금 현재는 이름이 다르져 이름이 바뀌었어요 지금은 경우 미라는 궁거리 없어요 이름이 바뀌었거든요 그 경운궁의 바로 덕수궁이에요 그래서이 덕수궁으로 황궁을 하게 되죠 그리고 저는 거기서 머물게 되는데 나라를 땅 인재 러시아공사관으로 그냥 갔다 왔더니 나라 꼴이 엉망이야 됐다 그래서 뭔가 좀 이제 정비 할 필요가 있죠 그래서 나라 이름을 제국으로 제국이라는게 황제국 거예요 그래서 우리도 이제 중국하고 좀 해 줘 대등하게 황제국으로
936.5,968.5,어떤 면모를 나타나게 되는 시기가 바로 대한제국 대한제국이라고 하는 이름으로 바꾸고 그럼 내가 황제가 됐잖아요 그래서 황제즉위식 또 하게 돼요 그래서 황제즉위식 또 고생을 하게 되고 그래서 왜 우리가 명성황후 이미 사망을 했지만 우리가 명성황후라고 하잖아요 황제의 부인이기 때문에 황후라는 표현을 쓰죠 자 그래서 대한제국 그리고 이때의 연옥아 광무에게 때문에 광무개혁이라고 하는게 나타나게 되고
968.5,995.0,자 그래서 광무개혁 이성계가 되고 자 그리고이 과정에서 뭐 독립협회가 해산되고 그다음에 대한국 국제라는 헌법이 만들어지고 이런 일들이 또 벌어지기도 하자 그래서 요식 이외에도 여러 가지 일들이 벌어져요 그거는 우리가 국권피탈과정 있다 나올 거거든요 그때 한번 살펴 보도록 하고 자 그리고 나서 35년간의 일제 강점기 민족운동 일어나는 세 개고
995.0,1022.5,그리고 해방 이후에 우리의 여러가지 현대사 아들이 등장하는 그래서 이렇게 세게 세게 파트로 나눌 수 있다 근대사회 일제 강점기 현대 그렇게 근현대사는 세계의 파트로 나눠지는데 어디가 시험문제 제일 많이 나올까 여러분 우리가 앞에서 오티영상 여러분 보셨으면 어떻게 강의를 보셨으면은 거기에서 이제 분석해놓은게 있어요 그쵸 그래서 근현대사가 만약에 뭐 하니 7 문제 여자 문제 나온다
1022.5,1049.0,그러면 그 중에서 세 개를 단원으로 9분을 할 때 어느 파트에서 가장 문제가 많이 나오냐 바로 근대사회에 근대사회에서 사실 문제가 가장 많이 나와요 왜냐면 너무 많은 사건들이 벌어지기 때문에 금방 우리가 얘기했던 막 무슨 뭐 임오군란 갑신정변부터 막 우리 사건들이 굉장히 많이 일어나죠 그렇기 때문에요 시기가
1049.0,1074.5,가장 시험에 많이 나와요 예를 들면 한 세네 문제 고정도 출제가 되겠죠 그래서 문제가 고정노출 제가 되고 그 다음에 일제 강점기에서 뭐 한두문제 그리고 현대 사회에서 한두문제요 정도 쓸 때가 되면 한 세 문제 문제 문제 그래서 문제야 문제 여기 정도 실제가 되죠 그래서 그냥 대해서는 그렇게 제가 되고
1074.5,1100.5,그러면은 지금 제가 여러분한테 말씀을 드려서 여러분이 좀 느끼셨겠지만 사실 근현대사는 나오는 부분에서 거의 많이 나와요 그러니까 여러분 이모 너무 마음 어렵다 왜 이렇게 많다 막 연도를 왜 우울해 막 이렇게 인제 제가이 말씀을 드렸지만 여러분이 너무 걱정 하실게 없는게 거의 진출 개념이란 거 있지
1100.5,1126.5,자주 나오는 그런 개념들에에서 거의 그 안에서 출제가 돼요 이래저래 현대사 같은 경우도 마찬가지다 소문자가 소재가 된다고 했는데 요즘 문제 같은 경우는 예를 들면 현대 정부수립과정 있고 그리고 민정 운동회 과정이나 통일문제에서 또한 문제는 오늘 제가 된다 내가 일제시대 같은 경우는 일본의 식민지 정책 그리고 우리의 독립운동 결혼식
1126.5,1153.0,좀 울려 딱 정해진 건 아니지만 나 오늘 파티에서 좀 많이 나오기 때문에 여러분이 좀 꼼꼼하게 내용 정리하시고 기출 우리가 잘 풀어 보고 하면 그렇게 많이 어렵지는 않아요 그래서 그럼 너무 걱정하실 필요는 없지만 다만 아까 말했죠 남들이 어려워 하니까 나의 전략으로 삼으면 훨씬 여러분에게 도움이 될거다 그게 바로 근현대사
1153.0,1179.0,놓치지말자 하는 거 여러분한테 다시 한번 강조를 드렸습니다 자 그러면 우리는 근대사회 관재 근현대사갤 관이죠 그냥 세계관으로 한번 살펴 받고요 자 이제 우리가 배워야 될 파트 바로 근대사회에 주요 사건 한번 살펴 보도록 하겠습니다 자 한번 살펴볼까요 아무래도 이렇게 연도가
1179.0,1208.0,청소 음악에 적혀 있을 수밖에 없죠 저 그냥 대상 같은 경우는 시기별로 무슨 일이 일어났는지가 가장 중요하니까 이렇게 여러 번 하고 연표를 보면서 체크하면서 어떤 일들이 있는지 한번 볼게요 그래서 연도 근데 지금부터 여러분 너무 연도에 강박 어떻게 다 외워야 될 필요는 없어요 10년단위 아까 뭐라 그랬죠 너무 연도가 어렵다라고 하면 이렇게 10년으로 나눠서 정리를 좀 하시는게 처음에는 그렇게 하면 된다
1208.0,1233.5,그래서 여러분 너무 걱정하실 필요는 없어요 너무 여름 처음으로 건 먹어 가지고 큰일났다 큰일 났어 이거 언제 다 왜 우냐 이렇게 생각할 수가 있는데 한국사는 여러분 가장 중요한게 뭐예요 반복 반복 2죠 그래서 지금도 하고 우리가 본 강의 들어가서도 하고 그죠 문제 풀면서도 하고 이렇게 여러 번 여러분하고 반복해서 보다 보면은
1233.5,1260.5,재워 줘요 그래서 너무 지금부터 많이 이제 큰일 났네 큰일 났어 이렇게 할 필요는 없어요 우선은 좀 마음 편하게 아 저런 것들이 있구나 나 지금 외우려고 하지 마시고 있구나 요정도 우리도 한번 익숙해지는 거렸죠 익숙해지는 시간이라고 생각하시면 되겠네요 자 그럼 하고가 봅시다 어떤 일들이 있었는데 한번 볼게요 자 봅시다 우리가 고종이 주기 1시 기적
1260.5,1287.5,고종이 주겠다 그래서 우리가 세도정치 끝나고 나서 순헌철 세도정치 끝나고 나서 고종이 지기를 하게 돼요 자 그래서 흥선군의 흥선대원군이 정권을 사장이 되자 대원군이라고 하는게 뭐냐면 보통은 왕의 아들이 왕이 되죠 왕의 아들이 왕이 되죠 자 그래서 왕위를 이렇게 인제 자식한테 아들한테 물려 주잖아요 그런데
1287.5,1319.0,내가 내 자식이 왕이 됐어요 내 아들이 왕이 됐어 근데 나는 왕이 아니야 그런 경우가 있어 네가 왕이 아닌 사람이 아들이 왕실의 무슨 먼 친척 좀 되겠죠 왕이 아닌 사람이 아들이 왕이 되는 경우도 있더라 이쪽 그래서 조선시대 이렇게 왕이 아닌 사람의 아들이 왕이 됐을 때 그 방에 아버지를 대원군이라고 불러 대원군의 사실 조선시대 세 명 정도 있어요 그런데 그 앞에 두 명은 다 살아 있을 때 대원
1319.0,1351.5,아니고 제사 후에 말하자면 아버지는 없는데 아들이 왕이 되는 경우가 있었잖아 그래서 전계대원군 무슨 회원 그래서이 사람들은 나중에 추정이 되어 보통이 사람들이 이제 우리 여기 들어 보지 않은 왕대리 몇 명 존재하는 거 알아요 효정이 되는 경우가 있어요 그래서 익종 우리 조선시대 익종 있었어요 아까 익종 없었죠 없어요 그런데 조선시대 익종이 있어요 근데 그런 사람들은 그렇게 주중에 되는 경우가 있어 예를 들면 모세 자였다 사망을 하면 나중에 주중에 된다던가 왕의 이름을 붙여 준다고
1351.5,1383.5,그럼 경우들이 있어요 그래서 이런 식으로 추정이 대불대 버리거나 하기 때문에 이게 우리가 대원군인가 잘 모르지만 홍성군 같은 경우는 살아 있을 때 대원군이 그런 인물이에요 그래서 우리가 그냥 흔히 대원군 그러면 이거 설명 안 해 줬어 근데 당연히 영어 흥선대원군 이겠지 이렇게 생각을 하는 경우가 많죠 권력을 엄청 장악했던 인물이기도 하고요 그래서 대원군이라고 하는 건 그렇게 왕이 아버지 왕의 아버지는 방이 아닌 사람이 어떤 그런 사람들을 대원군이라고
1383.5,1409.5,이렇게 보시면 되죠 자 그래서 흥선대원군이 약 10년 정도 직원 하는 것이 여러 번 다 10년 정도 직원이라고 그럼 그 뒤에는 어떻게 돼요 고종이 내가 스스로 정치 하겠다 친정을 선하게 되죠 친정을 하게 되는데 친정은 고정 혼자 한 거 아니다 누구랑 했어요 부인이랑 그리고 이제 처갓집 식구들이랑 쉽게 말하면 그래서 민씨 세력 애들이랑 같이 정치를 하게 되죠
1409.5,1442.5,그리고 1876년에 강화도조약이라고 하는 조약을 체결한 이게 바로 여러분 이제 개항을 한거죠 대항이라는 건 문호를 대방을 한거다 그래서 조약에 체결되는 애 강화도 조약 체결 되기 전에 될 때 계기가 된게 아까 운용을 사건이라고 했고 일본이 막 무력으로 이렇게 강요해서 조약을 체결한게 되고요 자 그리고 나서이 강화도 조약의 부록으로 체결된 조약도 있어요 그래서 조일수호조규부록 이라든가 그리고 조일무역규칙 이라든가
1442.5,1469.5,넌 부속조약 때도 존재를 하게 되지만 우리 강화도 정한 딱 떠오르는게 뭐예요 불평등한 조약이 야 나는 거죠 그래서 우리가 잘 모르고 줘요 체결한 그런 사람들도 있고 나중에 손해를 보게 되고 그리고 왜 이런 거 있잖아 여러분 옷을 입을 때 맨 위에 단추를 잘못 걸었어요 그리고 이제 그 밑에 남친을 주르륵 어떻게 돼요 다 잘못 기계 되죠 그래서 다 풀어야 되잖아요 그런 것처럼
1469.5,1502.0,강화도조약이라고 하는 조약을 체결하면서 딱 불평등조약으로부터 시작을 해 버렸기 때문에요 뒤에 체결되는 사실 대부분의 조약들을 45 제가 대부분이라고 했지만 사실 다 가져 다 나 다 불평등조약을 계속 답습을 하게 되는 거예요 그래서 강화도조약으로부터 시작해서 뒤에 체결된 약들은 대부분 다 불평등을 줘야겠구나 나는 것도 첫 단추를 잘못 돼서 그래요 알 수가 있어요 그게 바로 강화도 조약
1502.0,1530.0,자 그래서 1876년에 강화도 조약을 체결한 하고 이제 계양 일하는 건 문호를 개방을 한 거잖아요 그래서 여러분 많이 들어보셨을거예요 처음에 이제 부산 그리고 원산 그리고 인천 제물포 인천을 계약을 하게 돼요 그래서 일본 사람들이 들어와서 머물면서 장사 저하고 요런 식으로 계약을 하게 되는게 바로요 시기고 그러면서 이제 우리도 문호개방 했으니까 개화정책을 해야 되겠죠 그래서 정부의
1530.0,1559.0,바꾸고요 개화를 담당할 새로운기구 통리기무아문이라고 하는 기구도 만들고 여러가지 사절 열어 사절단으로 파견해서 일본에 가서 먹을터 보고 와라 둘러보고 와라 그래서 뭐 수신사로 파견 한다든가 청나라는 영선사를 그리고 일본의 다시 조사시찰단 그리고 심지어는 미국과 조약을 체결하면서 미국에도 사장 떠나보내게 돼요 보빙사 그래서 이런 식으로 사절단을 보내고 그 사람들이 또 돌아
1559.0,1586.5,여러가지 기구를 설치하기도 해요 그래서 이렇게 개화정책을 실시하게 되는 시기가 바로 강화도조약 이후에 내용이 되겠죠 자 그리고 조선책략이라고 2차수신사 김홍집이라고 하는 사람이 일본의 갔다가 일본에서 중국 외교관이 황쭌셴 일한 사람을 만나서 그 사람은 서로 얘기를 해 보니까 그 사람이 가지 생각이 굉장히 좋더라 그래서 그 사람이 뭐라고 했냐면
1586.5,1618.5,앞으로 조선 너희가 어떻게 나가야 될지 다 얘기해 줄게 그러면서 조선책략 앞으로 조선 이제 취해야 될 그런 어떤 위치 내용은 이런 것들이 좀 그래서 얘기를 해 주는데 뭐라고 했냐면 너네 러시아어를 막아야 돼 너네 러시아를 경제 해야 돼 그러려면 친중국 결일본 연미국 해야 돼 그러니까 중국이랑 친하고 일본이랑 연결되고 맺어지고 그다음에 미국이랑 연결 돼야 된다 이렇게 말하면 다 친하게 지내라 그런 식으로 우리 이제 조언을 하게 되고
1618.5,1648.0,김홍집 이거를 정리해서 왕에게 바쳤다 책으로 만들어서 악에 받쳐 갖고 왕은 막 너무 흡족해 하면서 유생들은 10월 2일 켜라 그래 가지고 이제 또 뭐 위정척사운동 반대운동 일어나고 막 그랬는데 이제 조선책략이라는 책이 우리나라에 그럼 많은 영향을 끼치게 되는데 그 중에 하나가 우리가 청나라 하거나 일본하고 그래도 좀 관계가 있잖아요 경북 하잖아요 그런데 어 미국 하고만 우리가 이렇게 연결되면
1648.0,1678.0,우리는 이제 괜찮아 우리는 이제 좀 천천히지나 그래서 미국하고 연결 돼야 된다는 연미로 일하는게 대도 하게 되면 밀어 미국이랑 교류를 해야 된다 그래서 서양 중에서 1단지 강화도조약 문으로 개방한 거는 일본하고 개방을 했지만 서양 중에서 우리랑 처음으로 수교를 맺게 된 나라가 바로 미국이외의 그게 바로 종이 수호통상조약 조미수호통상조약이라고 하는 조약에 최대한
1678.0,1715.5,조선책략에 영향을 받아서 요런 조약을 체결한 하게 되고 물론 여기에 불평등한 내용이 들어가긴 해요 그래도 강화도 조약 체결 했었던 거 보다는 조금 그래서 강화도 지역에서 예를 들면 일본의 물건이 우리나라 들어올 때 관세가 없었어요 왜 우리 외국물건 들어올 때 그 외국 물건은 세금 붙이는 거 여러 번 관세라고 그래 그게 없는게 면세 면세점을 대변색 그래서 보통은 외국 물건이 왜 저렇게 관세를 붙이게 되어 있는데 그걸 또 우리가 또 잘 몰랐지 그래서 일본이 무관세 그래서 무관세 마트
1715.5,1752.5,잘 몰라서 그래서 나중에 미국하고 조약을 체결한 때는 관세를 좀 달라 그래요 관세를 해야 된다 그래서 관세 조항을 넣어 줘요 말하자면 이런 식으로 그전보다는 조금 이렇게 개선된 측면 있긴 하지만 그래도 미국 하고도 여전히 불평등 불평등한 계약을 체결 확인하죠 자 그리고 나서 이제 미국 이후에 영국 독일 러시아 프랑스 심지어는 오스트리아 막 벨기에 요런 달아 드리고 집에 도착 그때 우리가 벨기에 어디 있는지 알았을까
1752.5,1781.0,오스트리아 어디 있는지 알았을까 하지 마 그냥 생각 한 거겠죠 그래서 이런 여러 나라들이 와서 해결하고 대부분 다 불평등조약을 했죠 자 그 시기가 이거 1800년대 전반기 이제 1880년대 전방에 이런 일이 있었고요 자 그럼가 봅시다 아까 임오군란 제가 잠깐 얘기 했었는데 90분 제가 차별되고 받아서 그것에 대해서 반발을 일으킨 거죠 그게 바로 이목을 아니고이 군인들의 반란은 이렇게 돼
1781.0,1807.0,우리는 청을 불러서 반란을 진압을 하기도 하는데 그 청을 불러서 진압을 할 때 그때 주동자 임오군란을 일으켰던 주동자를 청나라에서는 흥선대원군으로 봐요 그리고 또 흥선대원군이 재고정리 불러서도 진압을 하기도 하고 이제 여러가지 정리를 하기도 하거든요 그래서 고정을 주동자로 흥선대원군을 주동자로 보고
1807.0,1833.5,청나라로 납치는 좀 그렇지 뭐 어쨌든 닥치라고 편해요 납치해 가기도 해요 그래서 그런 일들이 있었고 그 다음엔 보시면 여기 지금 사건들이 좀 나와 있는데 다시 앞으로 갑시다 조금 더 설명을 하고요 자 여기에 갑신정변 있었어요 갑신정변이 빠져있네요 갑신정변이 1884년에 있었고
1833.5,1864.0,자 그다음에 갑신정변에 급진개화파 좀 급진적 계약을 하고 싶은 젊은 청년들이 제고에 관료제를 제거하고 정권을 차지한 사건이죠 우정국 개국 축하연이라고 해서 우정국 일하고 이제 우체국에 지금 라면 세 신청 갔지 그런게 열리게 되고 이제 설치가 되고 개국축하 파티에 여러 사람들이 다 모여 있잖아요 이제 그 과정에서 정변은 일으켜서이 사람들이 정보를 수립했던 그런 사건이 벌어질 되는데이 사건 도역
1864.0,1891.5,청나라군대 불러 가지고 지난번 하게 된 근데 아까 3일만에 끝났다고 했죠 3일로 끝난 사건이 바로 갑신정변 이고요 자 그리고 나서 청년회장 아 섭이 심해지자 우리는 러시아와 접촉을 하게 되고 러시아 우리가 접속했더니 영국이 발끈한 거 영도는 러시아는 친하게 지내지마 그러면서 영국이 거문도로 거문도가 어디 있냐면 제주도와 여수와 제주도 사이에 섬 이거든요 그 성을 불법
1891.5,1921.5,자기들이 해군기지를 만들고 아예 이름도 해밀턴 항 포트 해밀턴 이름을 지어서 자기들 짱인 것처럼 군사기지를 만들고 거기에 약 3년 정도 머물렀던 사건이 있었어 그 개버랜드 거문도 사건이고 자 그다음에 박문기 형이라고 하는 건 일본 거 우리가 문호 개방을 했잖아요 일본하고 우리가 문호개방을 하면서 이제 무역을 하게 된 거예요 그러면 뭘 사고 파란색일까요 그쪽도 궁금하죠 뭘 사고
1921.5,1947.0,우리는 그럼 뭘 팔았지 우리 뭘 팔아 있을까요 또는 우리는 뭘 사 갔을까 걔네들은 일본은 뭘 사 갔을까요 그래서 자 조선 있고 그 다음에 일본에 있을 때 뭘 사고 팔았는지 조선은 일본의 쌀이랑 콩을 팔았어요 사실 제가 팔았다고 얘기했지만 일본이 강제로 사 간 거죠 야 우리 쌀 부족해 그러면서 쌀을 재봐
1947.0,1978.5,거의 뭐 약 타러다시피 거의 뭐 뺏어가다 CP 무역을 한 거예요 그래서 쌀이나 콩을 가져갔고 그 대신 우리나라에 뭘 하냐면 면직물을 팔았어요 그나마 처음에는 자기 나라에서도 공장이 없으니까 그냥 쉬는 전 세계에서 영국 산이 제일 좋았거든요 1등이 없거든 그래서 영국의 것을 가져다가 사다가 우리나라의 재판을 중계무역의 형태로 이렇게 살다가 나중에 이제 본인들이 공장이 생기고 하면서 일본산 면직물은 팔았죠 그래서 요렇게 팔았는데 문제는
1978.5,2008.5,쌀이나 콩을 팔았다고 표현했지만 판단하는 건 외로운 이래야 되는 거 아니야 나 먹고 남아야 팔 수 있죠 근데 문제는 조선시대 식량이 넉넉하지 않았던 거예요 우리가 남아서 판게 아니고 그냥 일본 이거 이거 뺏어가다 지피 가져갈게 때문에 이런 걸로 약탈적 무역이라고 하고 그럼 일본이 쌀을 사 갔어요 그러면 우리나라의 쌀 값은 어떻게 됐을까요 막 뛰기 시작해 줘 쌀값이 폭등하기 시작해요 그러면 지주들은 이제 부자들은
2008.5,2035.0,아무래도 좀 경제력이 되는 사람들은 그 쌀 팔아서 돈 벌면 좋겠죠 그래서 이렇게 돈을 버는 세력도 있긴 있었지만 문제는 가난한 백성들의 같은 경우는 살 것만 계속 옳은 거야 난 손해봅니다 니드포 거 하나도 없는데 쌀값 안 눌렀어 나 결국에는 도시 빈민들이 나 이제 이런 가난한 농민들은 당연히 어려울 수밖에 없었고 자 그래서 그 과정에서
2035.0,2061.5,방곡령이라고 한게 뭐냐면 곡식 곡식 유출을 방출 금지한다 지방에 수령들이 우리 지역의 편견이 들거나 백성이 너무 어려우니까 자 우리 이제 잘 못 팔아 안 팔아 이렇게 하는 거 방 공룡이라고 그래요 그래서 일본하고 해 줘 약 중에 방곡령 해도 된다라고 하면 약 있었기 때문에 이방 공룡을 지방간들이 발령을 하게 된 거죠 공포를 하게 된 건데
2061.5,2088.0,나중에 그런 조약을 문제 삼아서 오히려 우리 도로 배상금을 내라고 했던 사건이 방곡령사건 있네 왜냐면 일본에그 조약에 뭐라고 써야 일본과 맺은 조약의 한 달 전에는 반드시 알려 줘야 돼 그래야 우리 상인들 손해를 취소할 수 있으니까 그래서 한 달 전에 알려 주도록 규정이 되어 있지만 우리가 한 달 전에 통보를 했어도 일본이 못 들었어 이렇게 끝나요 그렇기 때문에 오히려 또 우리가 배상금은 물어 줘야 되는데
2088.0,2114.0,일이 벌어지게 돼서 그게 바로 반공이라는 사건 이고요 자 지금 우리는 1800년대 한번 쪽 받고요 대체적으로 1880년대로 중심으로 한번 쭉 살펴봤고요 자 이제 넘어가서 90년대로 한번 넘어가 보도록 할까요 자 이제 1890년대로 넘어 왔습니다 1890년대에 어떤 일들이 있는지 없는지 한번 보도록
2114.0,2141.0,나 처음에 1894년 예 1894년이라고 하면 돈은 엄청 중요해요 왜 엄청 중요하냐면 중요한 사건들이이 때 많이 일어나기 때문에 연도에 있었던 일들이 시험 되게 잘 나오거든요 가장 대표적으로 동학농민운동이라는 사건 있어요 말 그대로 동학교도이 농민들을 중심으로 물론 동학도 만 여기 참여한 건 아니고 그냥 농민들도 많이 참여해
2141.0,2175.0,어쨌든 농민들을 중심으로 이런 저항운동의 개혁운동이 있었던게 바로 통화 농민 운동이고 2 동학농민운동 하면 우리 딱 떠오르는 인물이 혹시 있어요 그러면 전봉준 많이 들어 봤죠 중심으로 이런 일들이 벌어지고 되고 이동하 농민운동은 1894년 1월부터 1894년 거의 12월까지 1년 되네 그 안에 사건들이 일어나요 그렇기 때문에 여러 이렇게 여기서부터 여까지 이렇게 쭉 일어나 사건이면 시험에 뭐 나올까요 바로
2175.0,2202.5,과정 순서 물어보는 문제가 정말 많이 출제가 되는게 바로 동학농민운동이고 2 동학농민운동의 과정에서 청나라 군데가 일본군대가 들어오게 되고 또 지들끼리 싸우게 되죠 근데 지들끼리 싸우는데 하필 어디서 싸우려면 우리나라 주변에서 우리나라의 싸우게 되죠 그래서 청일전쟁 일어나게 되고요 자 그다음에 1차갑오개혁 일어나게 돼요 그래서 청일전쟁의 전쟁 일어나게 되고
2202.5,2235.0,자 그러면 청일전쟁에서 누가 이겼을까요 청일전쟁에서는 일본 이승기 하게 되고 자 일본이 승리하자 조약을 체결한 은데 시모노세키조약 일하는 걸 체결하고 요동반도 타이머를 일본에게 넘겨주기로 하죠 그런데 그 요동반도라고 하는 지역에 눈독을 먼저 들이고 있었다 오래 전부터 내가 내가 찜했어 요런 나라가 러시아야 러시아가로 요동반도를 일본이 가져간게 된 것에 대해서 분노 했겠죠 그래서
2235.0,2264.5,독일과 프랑스를 끌어들여서 세나라가 러도프 또는 러프독 요새 나라가 일본의 압력을 가게 되면 너 그거 다시 돌려 줘 그러면서 압력을 다 하게되자 일본이 세력이 좀 약화가 되죠 자 그러면 새 우동 만드는 다시 청나라 기발하게 되고 자 그럼 내일 분 입장에서는 러시아 때문에 우리가 이제 좀 안 된 거잖아요 요동반도 차지하고 하는게 그래서 일 아시아가 아니 그 일본이 약화된 세력을 만회하기 위해서
2264.5,2293.0,조선에서 일으킨 사건이 뭐냐 그게 바로 그냥 조선에서도 러시아랑 친하게 지내는 그럼 뭐 친러내각이 세워지고 하거든요 그러자 세력을 만회하기 위해서 러시아 세력을 끌어들인 인물을 죽여야겠다 그게 바로 명성황후 시해 사건 우리가 의미사변이라고 하는 명성황후 시해 사건 일어나자 삼국 간섭을 넣어도 플러프도 그리고
2293.0,2320.0,명성황후 시해 사건이 바로 을미사변이고 다시 세력을 많이 하게 되어 일본은 그러면서 의미 개혁을 또 강요하게 되는게 바로 애니 사변이 잘 자 그러면 명성황후가 사망을 하고 나서 역시 고종까지도 위협을 받고 있었고 그러자 고종이 러시아공사관으로 피신을 가게되죠 자 이렇게 러시아공사관으로 피난간 그 사건이 아관파천
2320.0,2361.0,아라사 공사관 러시아거든요 아라사 공사관으로 pj1002 뭐냐면 왕이 살고 있는 장소로 옮기는 거 그래서 러시아공사관으로 한 1년 정도 편한가 있었던 사건이 아관파천이고 자금제 그 과정에서 날아갔네요 엉망이 된 거죠 막 열강들이 인권을 달라고 난리를 치고 박 이런 일이 있겠지 되니까 잘 지식인들을 중심으로 이런 개화파 지식인들을 중심으로 독립을 위한 뭔가 이제 민중을 개봉을 시키면서 여러가지 활동을 이어가게 되는데 그 단체 그렇게 해서 만들어진 단체가 독립협회라고 하는 단체 아마 여러분 서재필 다 들어보셨을거예요 그래서
2361.0,2387.0,미국으로 원래 갑신정변 중에 한 명이 없어요 그 중에 한 명이 어떤 서재필이 미국으로 망명을 했었고 나중에 돌아와서 제왕의 병실에 지원을 좀 받아서 독립신문을 편해 기도하죠 그리고 독립협회라는 걸 만들어서 주로 독립했던 인물은 민중을 계몽하고 시키는 일이에요 백성들의 의식이 좀 성장하는 여러가지 인권 운동도 하면서 민권운동과
2387.0,2416.0,그리고 의회설립 운동이라고 해서 의뢰가 국회 거거든요 그래서 이제 국회를 설립하는 그런 운동도 버리기도 했던게 바로 독립협회 그리고 러시아공사관으로 피신 갔던 고종이 1년 만에 다시 황공하다 아까 우리 어디로 항공 했어요 지금은 없어진 이름이긴 하지만 바뀐 이름이죠 정운공 나중에 덕수궁으로 바뀌었다고 했죠 경운궁으로 황궁을 하고 그리고 나라의 어떤 좀 제대로 좀
2416.0,2444.5,갑자기 그래서 대한제국이라고 하는 이런 대한제국을 선포하면서 여러 가지 개혁을 하게 되는게 바로 광무개혁 이예요 그래서 1897년에 대한제국 광무개혁 있었고 자 그다음에 독립협회에서 많은 백성들을 모아 놓고 이제 민중대회를 개최하게 돼요 우리 집 같은 거 하잖아요 그런 것처럼 이렇게 민중대회를 개최하게 되는데 그걸 바로 우리는 맘
2444.5,2470.0,공동의 말대로 다 아는 사람이 모여서 여러가지 토론도 하고 연설 좀 하고 하는게 바로 마님 공동의 종로에서 열린 일정에 민중 집회 그게 바로 만민공동회라고 하는 거죠 하지만 이런 독립협회의 활동이 고종 입장에서 좀 맘에 들지 않았고 자 처음에는 그 사람들이 원하는 걸 좀 문제 맞춰주다가 나중에는 고종이 어떤
2470.0,2498.0,관료들이 독립협회를 모함을 하게 되고 결국에는이 독립협회를 해산 시키게 되는 그런 일도 벌어지게 대전 지금 우리가 1890년대 1890년대를 중심으로 한번 살펴 봤고요 자 그다음에 이제 1900년대 1900년 내로 한번가 보도록 할게요 1900년 대로 한번가 보도록 합시다 자요 시기는 사실 본격적
2498.0,2523.5,좀 표현이 좀 그렇긴 하지만 본격적으로 일제시대가 되어가는 과정이지 국권피탈과정이라고 볼 수 있죠 안타깝긴 하지만 우리나라 이제 점점 여러가지 권한들을 뺏겨 가면서 이제 식민지로 되어가는 그런 과정이 1900년대 있었던 일들이죠 자 그러면 1902년부터 볼까
2523.5,2551.0,1차영일동맹 러시아를 견제하기 위해서 영국과 일본 사이에 동맹체결 됐고요 그리고 2900만원으로 넘어가면 있대 러일전쟁 일어나게 되거든요 그래서 여기 보시면 러일전쟁이 1904년 2월에 일어나게 되고 자 그리고 전쟁이 나자마자 러시아는 일본은 한일 의정서라고 하는 조약을 강요하게 되어 원래
2551.0,2577.0,일어나기 전에 그러니까 청일 전쟁 이후의 조선이란 나라를 두고 러시아와 일본이 대립을 하고 있었어요 근데 그때 조선희 두 나라가 좀 불안한데 그래서 만약에 너네 둘이 전쟁을 하잖아 그럼 우리는 선언을 했어요 미리 일어나게 한 달 전에 중립선언 대한제국에서 그런데이 대한제국의
2577.0,2604.0,선언을 완전 무시하고 전쟁이 나자마자 한의정서라고 하는 조약을 체결하게 된 거야 그러면서 군용기를 마음대로 쓰겠다 뭐 시설개선을 청구하겠다 여러가지 내용을 담은 한일의정서를 체결하고 나서 또 몇 달 뒤에 1904년 8월에 다시 제 1차 한일협약 체결하면서 공문을 파견 해요 우리나라에 뭐 제 전공은 외교 금은
2604.0,2647.0,확연하게 대접 자 그리고 나서 1905년에 아마 여러분 너무 잘 알고 계시는 바로 을사조약 을사늑약은 2차한일협약이라고도 하고요 그리고 을사늑약이라고 더하죠 여러분 강요받았다라고 해서 일단 네가 아기라고 편하기도 하는데 그런데 을사조약을 책을 하기 전에 일본은 주변 나라들의 강대국의 동의를 받았어요 조선을 내가 차지할 건데 동의해 줘 그러면서 동의를 했고 그 나라들은 서로 식민지를 간섭하지 않는 그런 그렇게 말하면 이제 내용을 통해서 그런 조약들을 미리
2647.0,2672.5,하고 그리고이 열강들의 묵인하에 말하자면 이런 식으로 묵인하에 을사늑약 일하는 걸 체결하면서 우리나라를 보호국으로 외교권을 박탈해 버리거든요 외교권이 없으면 이건 이제 주권을 가진 알아볼 수가 없는 거예요 그래서 을사조약을 체결하기 전에 그런 각 열강들과 조약 체결을 통해서 인정을 받은 후에
2672.5,2699.0,을사늑약을 체결하고 을사조약이 체결하고 외교권을 박탈 하면서 보호국으로 우리나라 보호국으로 만들어 버리겠어 가쓰라 태프트 밀약 미국이에요 그래서 이거는 일본과 미국 사이에 체결한 조약 이고요 제 2차 영일동맹 응 뭐 영국과 일본 사이에 포츠머스조약 같은 경우는 러일전쟁에서 일본이 승리하게 되죠 전 세계가 깜짝 놀랐어요 그래서
2699.0,2738.0,일을 하게 되면서 일본과 러시아 사이에 체결하게 돼요 그래서 일본과 러시아 사이에 그렇기 때문에 미국으로부터 영국으로부터 러시아로부터 조선을 차지 않은 것에 대해서 이제 묵인을 하게 되죠 인정을 받게 되죠 그리고 나서 을사조약을 통해서 외교권을 박탈하고 보호국으로 우리나라를 만들어 버리게 대전 그리고 1907년으로 넘어가면 자이 을사조약에 대해서 굉장히 많은 얘기들을 들어보셨을거예요 일단 고정이 싸인 안 했다는 거 아시죠 그룹은 자 그래서 을사조약을 최고라는걸 주 동안
2738.0,2770.5,다섯 명이 사람들 대신들을 을사오적이라고 부르지 비롯한 그리고 고종을 사인을 안 했고 그래서 고종은 무효를 선언하면서 헤이그에 특사를 보내서 그때 내더라도 해외에서 열리고 있는 만국평화회의에 우리나라 이제 특사를 발견하게 되고 자극될 특사파견 그런데 이게 알려지게 되면서 고정해도 쫓겨나게 되죠 고종강제퇴위 그리고 일본의 강요에 의해 순종황제의 즐겨하고 일본의 강의에서 또 조약을 체결한
2770.5,2810.5,한일신협약이라는 조약을 파견 조약을 체결한에서 일본인 차관을 임명 할 수 있게 일본인 관리를 임명 할 수 있는 조약을 체결한 하게 되고요 그리고 군대도 회장 시켜 버리자 그게 바로 이제 군대 해산이 일들이 모두 다 1907년에 있었던 일이고 그러면서 이런 것에 대한 의령에 또 일어나기도 해요 그래서 앞에서 우리가 명성황후 시해 사건 이후에 을미의병 그리고 을사조약 체결을 이후에 을사의병 그리고이 한일신협약 체결 이후에 정미의병의 일어나기도 하는데 의령중
2810.5,2838.5,전국의 의병들이 경기도 양주에 집결해서 13도 창의군 일하는 거 만들고 서울로 진격하자 서울 쳐들어가자 그래서 서울 사대문에서 우리 예전에 그때는 서울 사대문 근처까지 동대문 근처까지 진격을 했지만 실패한 사건이 서울진공작전 1800 1908년 1월에 그런 일이 있었군요 자 그다음에 기유각서라고 해서 우리나라의 사법권을 박탈한 사건 그리고
2838.5,2868.0,18 결국에는 1910년 8월 29일에 발표를 했어요 그래서 8월 29일은 아마 이러면 들어보셨을지 모르겠어요 경술국치일이라고 그래요 경술국치일 그래서 정 수련회 1090년 경실련의 나라의 치욕스러운 날이다 그래서 경술국치 일이라고 하고 가끔 요즘 뭐 그래 달력 볼 일이 별로 없지만 가끔 달력에 보면은 경술국치일
2868.0,2924.39,있는게 있었어요 그래서 8월 29일 이고요 여러분 교제나 여러가지 사진 애교가 예전 교과서나 이런 데서 아마이 사진 봤을 거예요 경복궁 근정전에 우리나라 국기와 대한제국의 태극기와 일장기가 이렇게 딱 걸려 있는 그런 모습을 통해서 아 이제 우리나라 식민지가 됐구나라는 걸 또 알 수가 있죠 자 이렇게 해서 여러분하고 국권피탈과정까지 한번 줘 살펴봤는데 지금 우리가 했던 시기가 근대사회에 그래서 근데 사회전반적인 개관 10년 정도 이렇게 나눠서 전반적인 개관을 살펴 같고요 그리고 근현대사를 여러분이 공부를 열심히 해야 되는 이유를 또 제가 설명을 드렸고 그래서 우리가 근현대사 중에서 근대사회 개화기에 대해서 한번 쭉 살펴봤습니다 자 2번 시간 수업은 여기서 마치도록 하겠습니다 여러분 수고하셨습니다
